Date,Name,Retail Price
1/1/2024,GeForce GTX 1050,0
1/2/2024,GeForce GTX 1050,0
1/3/2023,GeForce GTX 1050,192
1/3/2024,GeForce GTX 1050,254
1/4/2023,GeForce GTX 1050,181
1/4/2024,GeForce GTX 1050,254
1/5/2023,GeForce GTX 1050,162
1/5/2024,GeForce GTX 1050,254
1/6/2023,GeForce GTX 1050,176
1/6/2024,GeForce GTX 1050,254
1/7/2023,GeForce GTX 1050,190
1/7/2024,GeForce GTX 1050,254
1/8/2023,GeForce GTX 1050,179
1/8/2024,GeForce GTX 1050,254
1/9/2023,GeForce GTX 1050,174
1/9/2024,GeForce GTX 1050,254
1/10/2023,GeForce GTX 1050,254
1/10/2024,GeForce GTX 1050,254
1/11/2023,GeForce GTX 1050,0
1/11/2024,GeForce GTX 1050,254
1/12/2023,GeForce GTX 1050,0
1/12/2024,GeForce GTX 1050,254
1/1/2024,GeForce GTX 1050 Ti,0
1/2/2024,GeForce GTX 1050 Ti,0
1/3/2023,GeForce GTX 1050 Ti,198
1/3/2024,GeForce GTX 1050 Ti,190
1/4/2023,GeForce GTX 1050 Ti,195
1/4/2024,GeForce GTX 1050 Ti,190
1/5/2023,GeForce GTX 1050 Ti,201
1/5/2024,GeForce GTX 1050 Ti,190
1/6/2023,GeForce GTX 1050 Ti,199
1/6/2024,GeForce GTX 1050 Ti,190
1/7/2023,GeForce GTX 1050 Ti,195
1/7/2024,GeForce GTX 1050 Ti,190
1/8/2023,GeForce GTX 1050 Ti,172
1/8/2024,GeForce GTX 1050 Ti,190
1/9/2023,GeForce GTX 1050 Ti,186
1/9/2024,GeForce GTX 1050 Ti,190
1/10/2023,GeForce GTX 1050 Ti,183
1/10/2024,GeForce GTX 1050 Ti,190
1/11/2023,GeForce GTX 1050 Ti,0
1/11/2024,GeForce GTX 1050 Ti,190
1/12/2023,GeForce GTX 1050 Ti,0
1/12/2024,GeForce GTX 1050 Ti,190
1/1/2023,GeForce GTX 1060,277
1/1/2024,GeForce GTX 1060,0
1/2/2023,GeForce GTX 1060,254
1/2/2024,GeForce GTX 1060,0
1/3/2023,GeForce GTX 1060,239
1/3/2024,GeForce GTX 1060,0
1/4/2023,GeForce GTX 1060,384
1/4/2024,GeForce GTX 1060,0
1/5/2023,GeForce GTX 1060,282
1/5/2024,GeForce GTX 1060,0
1/6/2023,GeForce GTX 1060,195
1/6/2024,GeForce GTX 1060,0
1/7/2023,GeForce GTX 1060,323
1/7/2024,GeForce GTX 1060,0
1/8/2023,GeForce GTX 1060,359
1/8/2024,GeForce GTX 1060,339
1/9/2023,GeForce GTX 1060,284
1/9/2024,GeForce GTX 1060,339
1/10/2023,GeForce GTX 1060,184
1/10/2024,GeForce GTX 1060,0
1/11/2022,GeForce GTX 1060,259
1/11/2023,GeForce GTX 1060,0
1/11/2024,GeForce GTX 1060,339
1/12/2022,GeForce GTX 1060,259
1/12/2023,GeForce GTX 1060,0
1/12/2024,GeForce GTX 1060,339
1/1/2023,GeForce GTX 1650,134
1/1/2024,GeForce GTX 1650,164
1/2/2023,GeForce GTX 1650,144
1/2/2024,GeForce GTX 1650,159
1/3/2023,GeForce GTX 1650,144
1/3/2024,GeForce GTX 1650,155
1/4/2023,GeForce GTX 1650,140
1/4/2024,GeForce GTX 1650,149
1/5/2023,GeForce GTX 1650,146
1/5/2024,GeForce GTX 1650,149
1/6/2023,GeForce GTX 1650,140
1/6/2024,GeForce GTX 1650,146
1/7/2023,GeForce GTX 1650,141
1/7/2024,GeForce GTX 1650,147
1/8/2023,GeForce GTX 1650,148
1/8/2024,GeForce GTX 1650,149
1/9/2023,GeForce GTX 1650,162
1/9/2024,GeForce GTX 1650,146
1/10/2023,GeForce GTX 1650,137
1/10/2024,GeForce GTX 1650,135
1/11/2022,GeForce GTX 1650,139
1/11/2023,GeForce GTX 1650,143
1/11/2024,GeForce GTX 1650,149
1/12/2022,GeForce GTX 1650,132
1/12/2023,GeForce GTX 1650,165
1/12/2024,GeForce GTX 1650,170
1/1/2023,GeForce GTX 1660 SUPER,273
1/1/2024,GeForce GTX 1660 SUPER,222
1/2/2023,GeForce GTX 1660 SUPER,263
1/2/2024,GeForce GTX 1660 SUPER,229
1/3/2023,GeForce GTX 1660 SUPER,256
1/3/2024,GeForce GTX 1660 SUPER,225
1/4/2023,GeForce GTX 1660 SUPER,215
1/4/2024,GeForce GTX 1660 SUPER,220
1/5/2023,GeForce GTX 1660 SUPER,176
1/5/2024,GeForce GTX 1660 SUPER,208
1/6/2023,GeForce GTX 1660 SUPER,164
1/6/2024,GeForce GTX 1660 SUPER,224
1/7/2023,GeForce GTX 1660 SUPER,167
1/7/2024,GeForce GTX 1660 SUPER,234
1/8/2023,GeForce GTX 1660 SUPER,165
1/8/2024,GeForce GTX 1660 SUPER,252
1/9/2023,GeForce GTX 1660 SUPER,168
1/9/2024,GeForce GTX 1660 SUPER,264
1/10/2023,GeForce GTX 1660 SUPER,196
1/10/2024,GeForce GTX 1660 SUPER,255
1/11/2022,GeForce GTX 1660 SUPER,195
1/11/2023,GeForce GTX 1660 SUPER,194
1/11/2024,GeForce GTX 1660 SUPER,270
1/12/2022,GeForce GTX 1660 SUPER,290
1/12/2023,GeForce GTX 1660 SUPER,221
1/12/2024,GeForce GTX 1660 SUPER,237
1/1/2023,GeForce GTX 1660 Ti,323
1/1/2024,GeForce GTX 1660 Ti,367
1/2/2023,GeForce GTX 1660 Ti,261
1/2/2024,GeForce GTX 1660 Ti,331
1/3/2023,GeForce GTX 1660 Ti,240
1/3/2024,GeForce GTX 1660 Ti,327
1/4/2023,GeForce GTX 1660 Ti,274
1/4/2024,GeForce GTX 1660 Ti,328
1/5/2023,GeForce GTX 1660 Ti,184
1/5/2024,GeForce GTX 1660 Ti,353
1/6/2023,GeForce GTX 1660 Ti,210
1/6/2024,GeForce GTX 1660 Ti,361
1/7/2023,GeForce GTX 1660 Ti,244
1/7/2024,GeForce GTX 1660 Ti,343
1/8/2023,GeForce GTX 1660 Ti,216
1/8/2024,GeForce GTX 1660 Ti,307
1/9/2023,GeForce GTX 1660 Ti,176
1/9/2024,GeForce GTX 1660 Ti,307
1/10/2023,GeForce GTX 1660 Ti,299
1/10/2024,GeForce GTX 1660 Ti,307
1/11/2022,GeForce GTX 1660 Ti,259
1/11/2023,GeForce GTX 1660 Ti,348
1/11/2024,GeForce GTX 1660 Ti,307
1/12/2022,GeForce GTX 1660 Ti,431
1/12/2023,GeForce GTX 1660 Ti,528
1/12/2024,GeForce GTX 1660 Ti,307
1/1/2023,GeForce RTX 2060,385
1/1/2024,GeForce RTX 2060,316
1/2/2023,GeForce RTX 2060,321
1/2/2024,GeForce RTX 2060,285
1/3/2023,GeForce RTX 2060,287
1/3/2024,GeForce RTX 2060,269
1/4/2023,GeForce RTX 2060,318
1/4/2024,GeForce RTX 2060,323
1/5/2023,GeForce RTX 2060,278
1/5/2024,GeForce RTX 2060,331
1/6/2023,GeForce RTX 2060,256
1/6/2024,GeForce RTX 2060,323
1/7/2023,GeForce RTX 2060,248
1/7/2024,GeForce RTX 2060,411
1/8/2023,GeForce RTX 2060,279
1/8/2024,GeForce RTX 2060,453
1/9/2023,GeForce RTX 2060,276
1/9/2024,GeForce RTX 2060,410
1/10/2023,GeForce RTX 2060,211
1/10/2024,GeForce RTX 2060,403
1/11/2022,GeForce RTX 2060,329
1/11/2023,GeForce RTX 2060,198
1/11/2024,GeForce RTX 2060,385
1/12/2022,GeForce RTX 2060,379
1/12/2023,GeForce RTX 2060,306
1/12/2024,GeForce RTX 2060,342
1/1/2023,GeForce RTX 2080 Ti,1521
1/1/2024,GeForce RTX 2080 Ti,0
1/2/2023,GeForce RTX 2080 Ti,999
1/2/2024,GeForce RTX 2080 Ti,0
1/3/2023,GeForce RTX 2080 Ti,0
1/3/2024,GeForce RTX 2080 Ti,0
1/4/2023,GeForce RTX 2080 Ti,999
1/4/2024,GeForce RTX 2080 Ti,0
1/5/2023,GeForce RTX 2080 Ti,728
1/5/2024,GeForce RTX 2080 Ti,0
1/6/2023,GeForce RTX 2080 Ti,1455
1/6/2024,GeForce RTX 2080 Ti,0
1/7/2023,GeForce RTX 2080 Ti,1411
1/7/2024,GeForce RTX 2080 Ti,1299
1/8/2023,GeForce RTX 2080 Ti,1241
1/8/2024,GeForce RTX 2080 Ti,1299
1/9/2023,GeForce RTX 2080 Ti,1310
1/9/2024,GeForce RTX 2080 Ti,1299
1/10/2023,GeForce RTX 2080 Ti,1375
1/10/2024,GeForce RTX 2080 Ti,1299
1/11/2022,GeForce RTX 2080 Ti,799
1/11/2023,GeForce RTX 2080 Ti,1400
1/11/2024,GeForce RTX 2080 Ti,1296
1/12/2022,GeForce RTX 2080 Ti,1859
1/12/2023,GeForce RTX 2080 Ti,0
1/12/2024,GeForce RTX 2080 Ti,1295
1/1/2023,GeForce RTX 3050,302
1/1/2024,GeForce RTX 3050,217
1/2/2023,GeForce RTX 3050,300
1/2/2024,GeForce RTX 3050,220
1/3/2023,GeForce RTX 3050,285
1/3/2024,GeForce RTX 3050,240
1/4/2023,GeForce RTX 3050,280
1/4/2024,GeForce RTX 3050,210
1/5/2023,GeForce RTX 3050,265
1/5/2024,GeForce RTX 3050,203
1/6/2023,GeForce RTX 3050,220
1/6/2024,GeForce RTX 3050,203
1/7/2023,GeForce RTX 3050,225
1/7/2024,GeForce RTX 3050,188
1/8/2023,GeForce RTX 3050,228
1/8/2024,GeForce RTX 3050,198
1/9/2023,GeForce RTX 3050,221
1/9/2024,GeForce RTX 3050,211
1/10/2023,GeForce RTX 3050,216
1/10/2024,GeForce RTX 3050,210
1/11/2022,GeForce RTX 3050,309
1/11/2023,GeForce RTX 3050,216
1/11/2024,GeForce RTX 3050,218
1/12/2022,GeForce RTX 3050,295
1/12/2023,GeForce RTX 3050,212
1/12/2024,GeForce RTX 3050,212
1/1/2023,GeForce RTX 3060,362
1/1/2024,GeForce RTX 3060,284
1/2/2023,GeForce RTX 3060,333
1/2/2024,GeForce RTX 3060,288
1/3/2023,GeForce RTX 3060,348
1/3/2024,GeForce RTX 3060,293
1/4/2023,GeForce RTX 3060,344
1/4/2024,GeForce RTX 3060,288
1/5/2023,GeForce RTX 3060,314
1/5/2024,GeForce RTX 3060,289
1/6/2023,GeForce RTX 3060,280
1/6/2024,GeForce RTX 3060,282
1/7/2023,GeForce RTX 3060,276
1/7/2024,GeForce RTX 3060,276
1/8/2023,GeForce RTX 3060,270
1/8/2024,GeForce RTX 3060,280
1/9/2023,GeForce RTX 3060,278
1/9/2024,GeForce RTX 3060,279
1/10/2023,GeForce RTX 3060,280
1/10/2024,GeForce RTX 3060,281
1/11/2022,GeForce RTX 3060,367
1/11/2023,GeForce RTX 3060,279
1/11/2024,GeForce RTX 3060,280
1/12/2022,GeForce RTX 3060,362
1/12/2023,GeForce RTX 3060,287
1/12/2024,GeForce RTX 3060,280
1/1/2023,GeForce RTX 3060 Ti,495
1/1/2024,GeForce RTX 3060 Ti,360
1/2/2023,GeForce RTX 3060 Ti,502
1/2/2024,GeForce RTX 3060 Ti,415
1/3/2023,GeForce RTX 3060 Ti,439
1/3/2024,GeForce RTX 3060 Ti,443
1/4/2023,GeForce RTX 3060 Ti,428
1/4/2024,GeForce RTX 3060 Ti,356
1/5/2023,GeForce RTX 3060 Ti,391
1/5/2024,GeForce RTX 3060 Ti,361
1/6/2023,GeForce RTX 3060 Ti,331
1/6/2024,GeForce RTX 3060 Ti,441
1/7/2023,GeForce RTX 3060 Ti,325
1/7/2024,GeForce RTX 3060 Ti,458
1/8/2023,GeForce RTX 3060 Ti,323
1/8/2024,GeForce RTX 3060 Ti,412
1/9/2023,GeForce RTX 3060 Ti,329
1/9/2024,GeForce RTX 3060 Ti,428
1/10/2023,GeForce RTX 3060 Ti,329
1/10/2024,GeForce RTX 3060 Ti,418
1/11/2022,GeForce RTX 3060 Ti,439
1/11/2023,GeForce RTX 3060 Ti,367
1/11/2024,GeForce RTX 3060 Ti,492
1/12/2022,GeForce RTX 3060 Ti,514
1/12/2023,GeForce RTX 3060 Ti,400
1/12/2024,GeForce RTX 3060 Ti,549
1/1/2023,GeForce RTX 3070,601
1/1/2024,GeForce RTX 3070,457
1/2/2023,GeForce RTX 3070,588
1/2/2024,GeForce RTX 3070,485
1/3/2023,GeForce RTX 3070,557
1/3/2024,GeForce RTX 3070,449
1/4/2023,GeForce RTX 3070,557
1/4/2024,GeForce RTX 3070,430
1/5/2023,GeForce RTX 3070,492
1/5/2024,GeForce RTX 3070,446
1/6/2023,GeForce RTX 3070,447
1/6/2024,GeForce RTX 3070,436
1/7/2023,GeForce RTX 3070,454
1/7/2024,GeForce RTX 3070,426
1/8/2023,GeForce RTX 3070,453
1/8/2024,GeForce RTX 3070,424
1/9/2023,GeForce RTX 3070,456
1/9/2024,GeForce RTX 3070,434
1/10/2023,GeForce RTX 3070,505
1/10/2024,GeForce RTX 3070,505
1/11/2022,GeForce RTX 3070,569
1/11/2023,GeForce RTX 3070,434
1/11/2024,GeForce RTX 3070,542
1/12/2022,GeForce RTX 3070,581
1/12/2023,GeForce RTX 3070,446
1/12/2024,GeForce RTX 3070,598
1/1/2023,GeForce RTX 3070 Ti,688
1/1/2024,GeForce RTX 3070 Ti,497
1/2/2023,GeForce RTX 3070 Ti,665
1/2/2024,GeForce RTX 3070 Ti,493
1/3/2023,GeForce RTX 3070 Ti,661
1/3/2024,GeForce RTX 3070 Ti,461
1/4/2023,GeForce RTX 3070 Ti,597
1/4/2024,GeForce RTX 3070 Ti,532
1/5/2023,GeForce RTX 3070 Ti,537
1/5/2024,GeForce RTX 3070 Ti,505
1/6/2023,GeForce RTX 3070 Ti,504
1/6/2024,GeForce RTX 3070 Ti,512
1/7/2023,GeForce RTX 3070 Ti,487
1/7/2024,GeForce RTX 3070 Ti,514
1/8/2023,GeForce RTX 3070 Ti,501
1/8/2024,GeForce RTX 3070 Ti,633
1/9/2023,GeForce RTX 3070 Ti,527
1/9/2024,GeForce RTX 3070 Ti,606
1/10/2023,GeForce RTX 3070 Ti,504
1/10/2024,GeForce RTX 3070 Ti,651
1/11/2022,GeForce RTX 3070 Ti,679
1/11/2023,GeForce RTX 3070 Ti,506
1/11/2024,GeForce RTX 3070 Ti,699
1/12/2022,GeForce RTX 3070 Ti,718
1/12/2023,GeForce RTX 3070 Ti,494
1/12/2024,GeForce RTX 3070 Ti,890
1/1/2023,GeForce RTX 3080,939
1/1/2024,GeForce RTX 3080,679
1/2/2023,GeForce RTX 3080,926
1/2/2024,GeForce RTX 3080,663
1/3/2023,GeForce RTX 3080,881
1/3/2024,GeForce RTX 3080,575
1/4/2023,GeForce RTX 3080,896
1/4/2024,GeForce RTX 3080,509
1/5/2023,GeForce RTX 3080,875
1/5/2024,GeForce RTX 3080,525
1/6/2023,GeForce RTX 3080,869
1/6/2024,GeForce RTX 3080,718
1/7/2023,GeForce RTX 3080,884
1/7/2024,GeForce RTX 3080,1003
1/8/2023,GeForce RTX 3080,822
1/8/2024,GeForce RTX 3080,865
1/9/2023,GeForce RTX 3080,616
1/9/2024,GeForce RTX 3080,708
1/10/2023,GeForce RTX 3080,669
1/10/2024,GeForce RTX 3080,767
1/11/2022,GeForce RTX 3080,790
1/11/2023,GeForce RTX 3080,703
1/11/2024,GeForce RTX 3080,763
1/12/2022,GeForce RTX 3080,903
1/12/2023,GeForce RTX 3080,679
1/12/2024,GeForce RTX 3080,822
1/1/2023,GeForce RTX 3080 Ti,1217
1/1/2024,GeForce RTX 3080 Ti,1443
1/2/2023,GeForce RTX 3080 Ti,1190
1/2/2024,GeForce RTX 3080 Ti,1392
1/3/2023,GeForce RTX 3080 Ti,1169
1/3/2024,GeForce RTX 3080 Ti,1474
1/4/2023,GeForce RTX 3080 Ti,1235
1/4/2024,GeForce RTX 3080 Ti,1323
1/5/2023,GeForce RTX 3080 Ti,983
1/5/2024,GeForce RTX 3080 Ti,1197
1/6/2023,GeForce RTX 3080 Ti,1038
1/6/2024,GeForce RTX 3080 Ti,1196
1/7/2023,GeForce RTX 3080 Ti,989
1/7/2024,GeForce RTX 3080 Ti,1148
1/8/2023,GeForce RTX 3080 Ti,894
1/8/2024,GeForce RTX 3080 Ti,1137
1/9/2023,GeForce RTX 3080 Ti,930
1/9/2024,GeForce RTX 3080 Ti,1090
1/10/2023,GeForce RTX 3080 Ti,850
1/10/2024,GeForce RTX 3080 Ti,1131
1/11/2022,GeForce RTX 3080 Ti,1149
1/11/2023,GeForce RTX 3080 Ti,880
1/11/2024,GeForce RTX 3080 Ti,1023
1/12/2022,GeForce RTX 3080 Ti,1159
1/12/2023,GeForce RTX 3080 Ti,894
1/12/2024,GeForce RTX 3080 Ti,1093
1/1/2023,GeForce RTX 3090,1430
1/1/2024,GeForce RTX 3090,1812
1/2/2023,GeForce RTX 3090,1223
1/2/2024,GeForce RTX 3090,1982
1/3/2023,GeForce RTX 3090,1345
1/3/2024,GeForce RTX 3090,2100
1/4/2023,GeForce RTX 3090,1056
1/4/2024,GeForce RTX 3090,1829
1/5/2023,GeForce RTX 3090,928
1/5/2024,GeForce RTX 3090,1669
1/6/2023,GeForce RTX 3090,1025
1/6/2024,GeForce RTX 3090,1855
1/7/2023,GeForce RTX 3090,1077
1/7/2024,GeForce RTX 3090,1840
1/8/2023,GeForce RTX 3090,954
1/8/2024,GeForce RTX 3090,1978
1/9/2023,GeForce RTX 3090,1323
1/9/2024,GeForce RTX 3090,1848
1/10/2023,GeForce RTX 3090,1511
1/10/2024,GeForce RTX 3090,2026
1/11/2022,GeForce RTX 3090,1489
1/11/2023,GeForce RTX 3090,1862
1/11/2024,GeForce RTX 3090,0
1/12/2022,GeForce RTX 3090,1490
1/12/2023,GeForce RTX 3090,1854
1/12/2024,GeForce RTX 3090,2070
1/1/2024,GeForce RTX 4060,294
1/2/2024,GeForce RTX 4060,294
1/3/2024,GeForce RTX 4060,293
1/4/2024,GeForce RTX 4060,295
1/5/2024,GeForce RTX 4060,295
1/6/2023,GeForce RTX 4060,299
1/6/2024,GeForce RTX 4060,293
1/7/2023,GeForce RTX 4060,297
1/7/2024,GeForce RTX 4060,293
1/8/2023,GeForce RTX 4060,291
1/8/2024,GeForce RTX 4060,285
1/9/2023,GeForce RTX 4060,298
1/9/2024,GeForce RTX 4060,292
1/10/2023,GeForce RTX 4060,293
1/10/2024,GeForce RTX 4060,295
1/11/2023,GeForce RTX 4060,291
1/11/2024,GeForce RTX 4060,291
1/12/2023,GeForce RTX 4060,298
1/12/2024,GeForce RTX 4060,295
1/1/2024,GeForce RTX 4060 Ti,385
1/2/2024,GeForce RTX 4060 Ti,376
1/3/2024,GeForce RTX 4060 Ti,382
1/4/2024,GeForce RTX 4060 Ti,381
1/5/2024,GeForce RTX 4060 Ti,384
1/6/2023,GeForce RTX 4060 Ti,385
1/6/2024,GeForce RTX 4060 Ti,373
1/7/2023,GeForce RTX 4060 Ti,383
1/7/2024,GeForce RTX 4060 Ti,369
1/8/2023,GeForce RTX 4060 Ti,376
1/8/2024,GeForce RTX 4060 Ti,377
1/9/2023,GeForce RTX 4060 Ti,382
1/9/2024,GeForce RTX 4060 Ti,380
1/10/2023,GeForce RTX 4060 Ti,371
1/10/2024,GeForce RTX 4060 Ti,389
1/11/2023,GeForce RTX 4060 Ti,370
1/11/2024,GeForce RTX 4060 Ti,391
1/12/2023,GeForce RTX 4060 Ti,381
1/12/2024,GeForce RTX 4060 Ti,396
1/1/2024,GeForce RTX 4070,549
1/2/2024,GeForce RTX 4070,532
1/3/2024,GeForce RTX 4070,532
1/4/2023,GeForce RTX 4070,628
1/4/2024,GeForce RTX 4070,541
1/5/2023,GeForce RTX 4070,599
1/5/2024,GeForce RTX 4070,553
1/6/2023,GeForce RTX 4070,599
1/6/2024,GeForce RTX 4070,549
1/7/2023,GeForce RTX 4070,596
1/7/2024,GeForce RTX 4070,548
1/8/2023,GeForce RTX 4070,596
1/8/2024,GeForce RTX 4070,540
1/9/2023,GeForce RTX 4070,572
1/9/2024,GeForce RTX 4070,542
1/10/2023,GeForce RTX 4070,550
1/10/2024,GeForce RTX 4070,548
1/11/2023,GeForce RTX 4070,540
1/11/2024,GeForce RTX 4070,525
1/12/2023,GeForce RTX 4070,546
1/12/2024,GeForce RTX 4070,539
1/1/2024,GeForce RTX 4070 SUPER,599
1/2/2024,GeForce RTX 4070 SUPER,595
1/3/2024,GeForce RTX 4070 SUPER,589
1/4/2024,GeForce RTX 4070 SUPER,590
1/5/2024,GeForce RTX 4070 SUPER,592
1/6/2024,GeForce RTX 4070 SUPER,584
1/7/2024,GeForce RTX 4070 SUPER,582
1/8/2024,GeForce RTX 4070 SUPER,581
1/9/2024,GeForce RTX 4070 SUPER,591
1/10/2024,GeForce RTX 4070 SUPER,595
1/11/2024,GeForce RTX 4070 SUPER,595
1/12/2024,GeForce RTX 4070 SUPER,599
1/1/2023,GeForce RTX 4070 Ti,816
1/1/2024,GeForce RTX 4070 Ti,757
1/2/2023,GeForce RTX 4070 Ti,821
1/2/2024,GeForce RTX 4070 Ti,743
1/3/2023,GeForce RTX 4070 Ti,825
1/3/2024,GeForce RTX 4070 Ti,713
1/4/2023,GeForce RTX 4070 Ti,829
1/4/2024,GeForce RTX 4070 Ti,740
1/5/2023,GeForce RTX 4070 Ti,802
1/5/2024,GeForce RTX 4070 Ti,768
1/6/2023,GeForce RTX 4070 Ti,797
1/6/2024,GeForce RTX 4070 Ti,769
1/7/2023,GeForce RTX 4070 Ti,787
1/7/2024,GeForce RTX 4070 Ti,762
1/8/2023,GeForce RTX 4070 Ti,790
1/8/2024,GeForce RTX 4070 Ti,757
1/9/2023,GeForce RTX 4070 Ti,794
1/9/2024,GeForce RTX 4070 Ti,738
1/10/2023,GeForce RTX 4070 Ti,771
1/10/2024,GeForce RTX 4070 Ti,779
1/11/2023,GeForce RTX 4070 Ti,768
1/11/2024,GeForce RTX 4070 Ti,829
1/12/2023,GeForce RTX 4070 Ti,776
1/12/2024,GeForce RTX 4070 Ti,834
1/1/2024,GeForce RTX 4070 Ti SUPER,782
1/2/2024,GeForce RTX 4070 Ti SUPER,799
1/3/2024,GeForce RTX 4070 Ti SUPER,807
1/4/2024,GeForce RTX 4070 Ti SUPER,796
1/5/2024,GeForce RTX 4070 Ti SUPER,791
1/6/2024,GeForce RTX 4070 Ti SUPER,788
1/7/2024,GeForce RTX 4070 Ti SUPER,782
1/8/2024,GeForce RTX 4070 Ti SUPER,795
1/9/2024,GeForce RTX 4070 Ti SUPER,795
1/10/2024,GeForce RTX 4070 Ti SUPER,799
1/11/2024,GeForce RTX 4070 Ti SUPER,784
1/12/2024,GeForce RTX 4070 Ti SUPER,802
1/3/2024,GeForce RTX 4080 SUPER,1076
1/4/2024,GeForce RTX 4080 SUPER,1036
1/5/2024,GeForce RTX 4080 SUPER,993
1/6/2024,GeForce RTX 4080 SUPER,971
1/7/2024,GeForce RTX 4080 SUPER,962
1/8/2024,GeForce RTX 4080 SUPER,958
1/9/2024,GeForce RTX 4080 SUPER,964
1/10/2024,GeForce RTX 4080 SUPER,996
1/11/2024,GeForce RTX 4080 SUPER,995
1/12/2024,GeForce RTX 4080 SUPER,1264
1/1/2023,GeForce RTX 4090,1998
1/1/2024,GeForce RTX 4090,1969
1/2/2023,GeForce RTX 4090,1684
1/2/2024,GeForce RTX 4090,1889
1/3/2023,GeForce RTX 4090,1662
1/3/2024,GeForce RTX 4090,1897
1/4/2023,GeForce RTX 4090,1633
1/4/2024,GeForce RTX 4090,1814
1/5/2023,GeForce RTX 4090,1601
1/5/2024,GeForce RTX 4090,1748
1/6/2023,GeForce RTX 4090,1598
1/6/2024,GeForce RTX 4090,1737
1/7/2023,GeForce RTX 4090,1596
1/7/2024,GeForce RTX 4090,1717
1/8/2023,GeForce RTX 4090,1609
1/8/2024,GeForce RTX 4090,1712
1/9/2023,GeForce RTX 4090,1668
1/9/2024,GeForce RTX 4090,1783
1/10/2023,GeForce RTX 4090,1678
1/10/2024,GeForce RTX 4090,1934
1/11/2023,GeForce RTX 4090,1927
1/11/2024,GeForce RTX 4090,2053
1/12/2022,GeForce RTX 4090,2079
1/12/2023,GeForce RTX 4090,2049
1/12/2024,GeForce RTX 4090,2229
1/1/2024,Radeon R7 360,0
1/2/2024,Radeon R7 360,0
1/3/2023,Radeon R7 360,0
1/3/2024,Radeon R7 360,146
1/4/2023,Radeon R7 360,0
1/4/2024,Radeon R7 360,146
1/5/2023,Radeon R7 360,0
1/5/2024,Radeon R7 360,146
1/6/2023,Radeon R7 360,146
1/6/2024,Radeon R7 360,146
1/7/2023,Radeon R7 360,0
1/7/2024,Radeon R7 360,146
1/8/2023,Radeon R7 360,0
1/8/2024,Radeon R7 360,146
1/9/2023,Radeon R7 360,0
1/9/2024,Radeon R7 360,146
1/10/2023,Radeon R7 360,146
1/10/2024,Radeon R7 360,146
1/11/2023,Radeon R7 360,0
1/11/2024,Radeon R7 360,146
1/12/2023,Radeon R7 360,0
1/12/2024,Radeon R7 360,146
1/1/2024,Radeon R9 370,0
1/2/2024,Radeon R9 370,0
1/3/2023,Radeon R9 370,0
1/3/2024,Radeon R9 370,227
1/4/2023,Radeon R9 370,149
1/4/2024,Radeon R9 370,227
1/5/2023,Radeon R9 370,149
1/5/2024,Radeon R9 370,227
1/6/2023,Radeon R9 370,225
1/6/2024,Radeon R9 370,227
1/7/2023,Radeon R9 370,228
1/7/2024,Radeon R9 370,227
1/8/2023,Radeon R9 370,227
1/8/2024,Radeon R9 370,227
1/9/2023,Radeon R9 370,228
1/9/2024,Radeon R9 370,227
1/10/2023,Radeon R9 370,229
1/10/2024,Radeon R9 370,227
1/11/2023,Radeon R9 370,0
1/11/2024,Radeon R9 370,227
1/12/2023,Radeon R9 370,0
1/12/2024,Radeon R9 370,227
1/1/2024,Radeon R9 380,0
1/2/2024,Radeon R9 380,0
1/3/2023,Radeon R9 380,0
1/3/2024,Radeon R9 380,239
1/4/2023,Radeon R9 380,459
1/4/2024,Radeon R9 380,239
1/5/2023,Radeon R9 380,459
1/5/2024,Radeon R9 380,239
1/6/2023,Radeon R9 380,238
1/6/2024,Radeon R9 380,239
1/7/2023,Radeon R9 380,293
1/7/2024,Radeon R9 380,239
1/8/2023,Radeon R9 380,241
1/8/2024,Radeon R9 380,239
1/9/2023,Radeon R9 380,242
1/9/2024,Radeon R9 380,239
1/10/2023,Radeon R9 380,239
1/10/2024,Radeon R9 380,239
1/11/2023,Radeon R9 380,0
1/11/2024,Radeon R9 380,239
1/12/2023,Radeon R9 380,0
1/12/2024,Radeon R9 380,239
1/1/2024,Radeon RX 460,0
1/2/2024,Radeon RX 460,0
1/3/2023,Radeon RX 460,0
1/3/2024,Radeon RX 460,217
1/4/2023,Radeon RX 460,329
1/4/2024,Radeon RX 460,217
1/5/2023,Radeon RX 460,329
1/5/2024,Radeon RX 460,217
1/6/2023,Radeon RX 460,218
1/6/2024,Radeon RX 460,217
1/7/2023,Radeon RX 460,223
1/7/2024,Radeon RX 460,217
1/8/2023,Radeon RX 460,217
1/8/2024,Radeon RX 460,217
1/9/2023,Radeon RX 460,219
1/9/2024,Radeon RX 460,217
1/10/2023,Radeon RX 460,217
1/10/2024,Radeon RX 460,217
1/11/2023,Radeon RX 460,0
1/11/2024,Radeon RX 460,217
1/12/2023,Radeon RX 460,0
1/12/2024,Radeon RX 460,217
1/1/2024,Radeon RX 550,0
1/2/2024,Radeon RX 550,0
1/3/2023,Radeon RX 550,113
1/3/2024,Radeon RX 550,75
1/4/2023,Radeon RX 550,101
1/4/2024,Radeon RX 550,75
1/5/2023,Radeon RX 550,94
1/5/2024,Radeon RX 550,75
1/6/2023,Radeon RX 550,90
1/6/2024,Radeon RX 550,75
1/7/2023,Radeon RX 550,89
1/7/2024,Radeon RX 550,75
1/8/2023,Radeon RX 550,87
1/8/2024,Radeon RX 550,75
1/9/2023,Radeon RX 550,83
1/9/2024,Radeon RX 550,75
1/10/2023,Radeon RX 550,81
1/10/2024,Radeon RX 550,75
1/11/2023,Radeon RX 550,0
1/11/2024,Radeon RX 550,75
1/12/2023,Radeon RX 550,0
1/12/2024,Radeon RX 550,75
1/1/2024,Radeon RX 560,0
1/2/2024,Radeon RX 560,0
1/3/2023,Radeon RX 560,170
1/3/2024,Radeon RX 560,216
1/4/2023,Radeon RX 560,152
1/4/2024,Radeon RX 560,216
1/5/2023,Radeon RX 560,144
1/5/2024,Radeon RX 560,216
1/6/2023,Radeon RX 560,112
1/6/2024,Radeon RX 560,216
1/7/2023,Radeon RX 560,113
1/7/2024,Radeon RX 560,216
1/8/2023,Radeon RX 560,115
1/8/2024,Radeon RX 560,216
1/9/2023,Radeon RX 560,121
1/9/2024,Radeon RX 560,216
1/10/2023,Radeon RX 560,157
1/10/2024,Radeon RX 560,216
1/11/2023,Radeon RX 560,0
1/11/2024,Radeon RX 560,216
1/12/2023,Radeon RX 560,0
1/12/2024,Radeon RX 560,216
1/1/2023,Radeon RX 580,119
1/1/2024,Radeon RX 580,129
1/2/2023,Radeon RX 580,121
1/2/2024,Radeon RX 580,132
1/3/2023,Radeon RX 580,109
1/3/2024,Radeon RX 580,139
1/4/2023,Radeon RX 580,99
1/4/2024,Radeon RX 580,130
1/5/2023,Radeon RX 580,95
1/5/2024,Radeon RX 580,131
1/6/2023,Radeon RX 580,92
1/6/2024,Radeon RX 580,129
1/7/2023,Radeon RX 580,93
1/7/2024,Radeon RX 580,129
1/8/2023,Radeon RX 580,90
1/8/2024,Radeon RX 580,136
1/9/2023,Radeon RX 580,89
1/9/2024,Radeon RX 580,131
1/10/2023,Radeon RX 580,126
1/10/2024,Radeon RX 580,129
1/11/2022,Radeon RX 580,159
1/11/2023,Radeon RX 580,125
1/11/2024,Radeon RX 580,127
1/12/2022,Radeon RX 580,134
1/12/2023,Radeon RX 580,0
1/12/2024,Radeon RX 580,134
1/1/2023,Radeon RX 6400,140
1/1/2024,Radeon RX 6400,159
1/2/2023,Radeon RX 6400,146
1/2/2024,Radeon RX 6400,157
1/3/2023,Radeon RX 6400,145
1/3/2024,Radeon RX 6400,156
1/4/2023,Radeon RX 6400,147
1/4/2024,Radeon RX 6400,151
1/5/2023,Radeon RX 6400,136
1/5/2024,Radeon RX 6400,153
1/6/2023,Radeon RX 6400,136
1/6/2024,Radeon RX 6400,152
1/7/2023,Radeon RX 6400,141
1/7/2024,Radeon RX 6400,154
1/8/2023,Radeon RX 6400,135
1/8/2024,Radeon RX 6400,156
1/9/2023,Radeon RX 6400,135
1/9/2024,Radeon RX 6400,146
1/10/2023,Radeon RX 6400,138
1/10/2024,Radeon RX 6400,139
1/11/2022,Radeon RX 6400,149
1/11/2023,Radeon RX 6400,159
1/11/2024,Radeon RX 6400,139
1/12/2022,Radeon RX 6400,142
1/12/2023,Radeon RX 6400,154
1/12/2024,Radeon RX 6400,144
1/1/2023,Radeon RX 6500 XT,173
1/1/2024,Radeon RX 6500 XT,142
1/2/2023,Radeon RX 6500 XT,172
1/2/2024,Radeon RX 6500 XT,145
1/3/2023,Radeon RX 6500 XT,169
1/3/2024,Radeon RX 6500 XT,139
1/4/2023,Radeon RX 6500 XT,164
1/4/2024,Radeon RX 6500 XT,161
1/5/2023,Radeon RX 6500 XT,156
1/5/2024,Radeon RX 6500 XT,177
1/6/2023,Radeon RX 6500 XT,150
1/6/2024,Radeon RX 6500 XT,173
1/7/2023,Radeon RX 6500 XT,177
1/7/2024,Radeon RX 6500 XT,197
1/8/2023,Radeon RX 6500 XT,185
1/8/2024,Radeon RX 6500 XT,183
1/9/2023,Radeon RX 6500 XT,163
1/9/2024,Radeon RX 6500 XT,197
1/10/2023,Radeon RX 6500 XT,174
1/10/2024,Radeon RX 6500 XT,175
1/11/2022,Radeon RX 6500 XT,174
1/11/2023,Radeon RX 6500 XT,169
1/11/2024,Radeon RX 6500 XT,168
1/12/2022,Radeon RX 6500 XT,164
1/12/2023,Radeon RX 6500 XT,169
1/12/2024,Radeon RX 6500 XT,163
1/1/2023,Radeon RX 6600,278
1/1/2024,Radeon RX 6600,204
1/2/2023,Radeon RX 6600,269
1/2/2024,Radeon RX 6600,193
1/3/2023,Radeon RX 6600,262
1/3/2024,Radeon RX 6600,195
1/4/2023,Radeon RX 6600,252
1/4/2024,Radeon RX 6600,199
1/5/2023,Radeon RX 6600,215
1/5/2024,Radeon RX 6600,199
1/6/2023,Radeon RX 6600,202
1/6/2024,Radeon RX 6600,197
1/7/2023,Radeon RX 6600,222
1/7/2024,Radeon RX 6600,201
1/8/2023,Radeon RX 6600,236
1/8/2024,Radeon RX 6600,200
1/9/2023,Radeon RX 6600,209
1/9/2024,Radeon RX 6600,199
1/10/2023,Radeon RX 6600,211
1/10/2024,Radeon RX 6600,199
1/11/2022,Radeon RX 6600,242
1/11/2023,Radeon RX 6600,194
1/11/2024,Radeon RX 6600,197
1/12/2022,Radeon RX 6600,263
1/12/2023,Radeon RX 6600,198
1/12/2024,Radeon RX 6600,198
1/1/2023,Radeon RX 6600 XT,346
1/1/2024,Radeon RX 6600 XT,493
1/2/2023,Radeon RX 6600 XT,321
1/2/2024,Radeon RX 6600 XT,546
1/3/2023,Radeon RX 6600 XT,311
1/3/2024,Radeon RX 6600 XT,449
1/4/2023,Radeon RX 6600 XT,295
1/4/2024,Radeon RX 6600 XT,440
1/5/2023,Radeon RX 6600 XT,268
1/5/2024,Radeon RX 6600 XT,447
1/6/2023,Radeon RX 6600 XT,260
1/6/2024,Radeon RX 6600 XT,443
1/7/2023,Radeon RX 6600 XT,279
1/7/2024,Radeon RX 6600 XT,373
1/8/2023,Radeon RX 6600 XT,311
1/8/2024,Radeon RX 6600 XT,482
1/9/2023,Radeon RX 6600 XT,286
1/9/2024,Radeon RX 6600 XT,499
1/10/2023,Radeon RX 6600 XT,405
1/10/2024,Radeon RX 6600 XT,499
1/11/2022,Radeon RX 6600 XT,347
1/11/2023,Radeon RX 6600 XT,383
1/11/2024,Radeon RX 6600 XT,499
1/12/2022,Radeon RX 6600 XT,352
1/12/2023,Radeon RX 6600 XT,536
1/12/2024,Radeon RX 6600 XT,499
1/1/2023,Radeon RX 6650 XT,313
1/1/2024,Radeon RX 6650 XT,251
1/2/2023,Radeon RX 6650 XT,302
1/2/2024,Radeon RX 6650 XT,234
1/3/2023,Radeon RX 6650 XT,299
1/3/2024,Radeon RX 6650 XT,242
1/4/2023,Radeon RX 6650 XT,300
1/4/2024,Radeon RX 6650 XT,232
1/5/2023,Radeon RX 6650 XT,272
1/5/2024,Radeon RX 6650 XT,224
1/6/2023,Radeon RX 6650 XT,246
1/6/2024,Radeon RX 6650 XT,227
1/7/2023,Radeon RX 6650 XT,254
1/7/2024,Radeon RX 6650 XT,222
1/8/2023,Radeon RX 6650 XT,250
1/8/2024,Radeon RX 6650 XT,209
1/9/2023,Radeon RX 6650 XT,255
1/9/2024,Radeon RX 6650 XT,228
1/10/2023,Radeon RX 6650 XT,232
1/10/2024,Radeon RX 6650 XT,217
1/11/2022,Radeon RX 6650 XT,299
1/11/2023,Radeon RX 6650 XT,227
1/11/2024,Radeon RX 6650 XT,209
1/12/2022,Radeon RX 6650 XT,304
1/12/2023,Radeon RX 6650 XT,246
1/12/2024,Radeon RX 6650 XT,228
1/1/2023,Radeon RX 6700 XT,405
1/1/2024,Radeon RX 6700 XT,381
1/2/2023,Radeon RX 6700 XT,385
1/2/2024,Radeon RX 6700 XT,679
1/3/2023,Radeon RX 6700 XT,373
1/3/2024,Radeon RX 6700 XT,702
1/4/2023,Radeon RX 6700 XT,376
1/4/2024,Radeon RX 6700 XT,577
1/5/2023,Radeon RX 6700 XT,361
1/5/2024,Radeon RX 6700 XT,715
1/6/2023,Radeon RX 6700 XT,354
1/6/2024,Radeon RX 6700 XT,703
1/7/2023,Radeon RX 6700 XT,437
1/7/2024,Radeon RX 6700 XT,771
1/8/2023,Radeon RX 6700 XT,400
1/8/2024,Radeon RX 6700 XT,783
1/9/2023,Radeon RX 6700 XT,340
1/9/2024,Radeon RX 6700 XT,713
1/10/2023,Radeon RX 6700 XT,318
1/10/2024,Radeon RX 6700 XT,758
1/11/2022,Radeon RX 6700 XT,379
1/11/2023,Radeon RX 6700 XT,311
1/11/2024,Radeon RX 6700 XT,765
1/12/2022,Radeon RX 6700 XT,372
1/12/2023,Radeon RX 6700 XT,323
1/12/2024,Radeon RX 6700 XT,771
1/1/2023,Radeon RX 6750 XT,453
1/1/2024,Radeon RX 6750 XT,372
1/2/2023,Radeon RX 6750 XT,441
1/2/2024,Radeon RX 6750 XT,372
1/3/2023,Radeon RX 6750 XT,431
1/3/2024,Radeon RX 6750 XT,342
1/4/2023,Radeon RX 6750 XT,428
1/4/2024,Radeon RX 6750 XT,334
1/5/2023,Radeon RX 6750 XT,405
1/5/2024,Radeon RX 6750 XT,307
1/6/2023,Radeon RX 6750 XT,368
1/6/2024,Radeon RX 6750 XT,301
1/7/2023,Radeon RX 6750 XT,363
1/7/2024,Radeon RX 6750 XT,314
1/8/2023,Radeon RX 6750 XT,466
1/8/2024,Radeon RX 6750 XT,312
1/9/2023,Radeon RX 6750 XT,359
1/9/2024,Radeon RX 6750 XT,298
1/10/2023,Radeon RX 6750 XT,354
1/10/2024,Radeon RX 6750 XT,327
1/11/2022,Radeon RX 6750 XT,518
1/11/2023,Radeon RX 6750 XT,341
1/11/2024,Radeon RX 6750 XT,300
1/12/2022,Radeon RX 6750 XT,469
1/12/2023,Radeon RX 6750 XT,341
1/12/2024,Radeon RX 6750 XT,341
1/1/2023,Radeon RX 6800,536
1/1/2024,Radeon RX 6800,427
1/2/2023,Radeon RX 6800,536
1/2/2024,Radeon RX 6800,412
1/3/2023,Radeon RX 6800,578
1/3/2024,Radeon RX 6800,407
1/4/2023,Radeon RX 6800,572
1/4/2024,Radeon RX 6800,408
1/5/2023,Radeon RX 6800,535
1/5/2024,Radeon RX 6800,366
1/6/2023,Radeon RX 6800,493
1/6/2024,Radeon RX 6800,365
1/7/2023,Radeon RX 6800,528
1/7/2024,Radeon RX 6800,374
1/8/2023,Radeon RX 6800,502
1/8/2024,Radeon RX 6800,382
1/9/2023,Radeon RX 6800,441
1/9/2024,Radeon RX 6800,380
1/10/2023,Radeon RX 6800,412
1/10/2024,Radeon RX 6800,375
1/11/2022,Radeon RX 6800,539
1/11/2023,Radeon RX 6800,455
1/11/2024,Radeon RX 6800,353
1/12/2022,Radeon RX 6800,539
1/12/2023,Radeon RX 6800,416
1/12/2024,Radeon RX 6800,393
1/1/2023,Radeon RX 6800 XT,866
1/1/2024,Radeon RX 6800 XT,556
1/2/2023,Radeon RX 6800 XT,705
1/2/2024,Radeon RX 6800 XT,753
1/3/2023,Radeon RX 6800 XT,659
1/3/2024,Radeon RX 6800 XT,954
1/4/2023,Radeon RX 6800 XT,597
1/4/2024,Radeon RX 6800 XT,764
1/5/2023,Radeon RX 6800 XT,529
1/5/2024,Radeon RX 6800 XT,666
1/6/2023,Radeon RX 6800 XT,527
1/6/2024,Radeon RX 6800 XT,0
1/7/2023,Radeon RX 6800 XT,574
1/7/2024,Radeon RX 6800 XT,818
1/8/2023,Radeon RX 6800 XT,517
1/8/2024,Radeon RX 6800 XT,698
1/9/2023,Radeon RX 6800 XT,524
1/9/2024,Radeon RX 6800 XT,964
1/10/2023,Radeon RX 6800 XT,500
1/10/2024,Radeon RX 6800 XT,777
1/11/2022,Radeon RX 6800 XT,814
1/11/2023,Radeon RX 6800 XT,481
1/11/2024,Radeon RX 6800 XT,661
1/12/2022,Radeon RX 6800 XT,1009
1/12/2023,Radeon RX 6800 XT,519
1/12/2024,Radeon RX 6800 XT,664
1/1/2023,Radeon RX 6900 XT,1003
1/1/2024,Radeon RX 6900 XT,1182
1/2/2023,Radeon RX 6900 XT,942
1/2/2024,Radeon RX 6900 XT,985
1/3/2023,Radeon RX 6900 XT,827
1/3/2024,Radeon RX 6900 XT,1315
1/4/2023,Radeon RX 6900 XT,848
1/4/2024,Radeon RX 6900 XT,1299
1/5/2023,Radeon RX 6900 XT,653
1/5/2024,Radeon RX 6900 XT,1183
1/6/2023,Radeon RX 6900 XT,772
1/6/2024,Radeon RX 6900 XT,1509
1/7/2023,Radeon RX 6900 XT,850
1/7/2024,Radeon RX 6900 XT,979
1/8/2023,Radeon RX 6900 XT,993
1/8/2024,Radeon RX 6900 XT,1014
1/9/2023,Radeon RX 6900 XT,751
1/9/2024,Radeon RX 6900 XT,1509
1/10/2023,Radeon RX 6900 XT,1126
1/10/2024,Radeon RX 6900 XT,1101
1/11/2022,Radeon RX 6900 XT,999
1/11/2023,Radeon RX 6900 XT,1038
1/11/2024,Radeon RX 6900 XT,1509
1/12/2022,Radeon RX 6900 XT,1107
1/12/2023,Radeon RX 6900 XT,935
1/12/2024,Radeon RX 6900 XT,1509
1/1/2024,Radeon RX 7600,267
1/2/2024,Radeon RX 7600,259
1/3/2024,Radeon RX 7600,263
1/4/2024,Radeon RX 7600,265
1/5/2024,Radeon RX 7600,257
1/6/2023,Radeon RX 7600,255
1/6/2024,Radeon RX 7600,246
1/7/2023,Radeon RX 7600,261
1/7/2024,Radeon RX 7600,250
1/8/2023,Radeon RX 7600,266
1/8/2024,Radeon RX 7600,254
1/9/2023,Radeon RX 7600,258
1/9/2024,Radeon RX 7600,249
1/10/2023,Radeon RX 7600,252
1/10/2024,Radeon RX 7600,247
1/11/2023,Radeon RX 7600,253
1/11/2024,Radeon RX 7600,249
1/12/2023,Radeon RX 7600,259
1/12/2024,Radeon RX 7600,257
1/3/2024,Radeon RX 7600 XT,326
1/4/2024,Radeon RX 7600 XT,329
1/5/2024,Radeon RX 7600 XT,320
1/6/2024,Radeon RX 7600 XT,305
1/7/2024,Radeon RX 7600 XT,311
1/8/2024,Radeon RX 7600 XT,314
1/9/2024,Radeon RX 7600 XT,312
1/10/2024,Radeon RX 7600 XT,313
1/11/2024,Radeon RX 7600 XT,306
1/12/2024,Radeon RX 7600 XT,317
1/1/2024,Radeon RX 7700 XT,440
1/2/2024,Radeon RX 7700 XT,446
1/3/2024,Radeon RX 7700 XT,411
1/4/2024,Radeon RX 7700 XT,399
1/5/2024,Radeon RX 7700 XT,396
1/6/2024,Radeon RX 7700 XT,399
1/7/2024,Radeon RX 7700 XT,388
1/8/2024,Radeon RX 7700 XT,388
1/9/2023,Radeon RX 7700 XT,449
1/9/2024,Radeon RX 7700 XT,371
1/10/2023,Radeon RX 7700 XT,441
1/10/2024,Radeon RX 7700 XT,378
1/11/2023,Radeon RX 7700 XT,436
1/11/2024,Radeon RX 7700 XT,385
1/12/2023,Radeon RX 7700 XT,432
1/12/2024,Radeon RX 7700 XT,402
1/1/2024,Radeon RX 7800 XT,508
1/2/2024,Radeon RX 7800 XT,494
1/3/2024,Radeon RX 7800 XT,496
1/4/2024,Radeon RX 7800 XT,504
1/5/2024,Radeon RX 7800 XT,495
1/6/2024,Radeon RX 7800 XT,485
1/7/2024,Radeon RX 7800 XT,493
1/8/2024,Radeon RX 7800 XT,482
1/9/2023,Radeon RX 7800 XT,530
1/9/2024,Radeon RX 7800 XT,481
1/10/2023,Radeon RX 7800 XT,513
1/10/2024,Radeon RX 7800 XT,484
1/11/2023,Radeon RX 7800 XT,501
1/11/2024,Radeon RX 7800 XT,470
1/12/2023,Radeon RX 7800 XT,521
1/12/2024,Radeon RX 7800 XT,481
1/3/2024,Radeon RX 7900 GRE,563
1/4/2024,Radeon RX 7900 GRE,549
1/5/2024,Radeon RX 7900 GRE,543
1/6/2024,Radeon RX 7900 GRE,536
1/7/2024,Radeon RX 7900 GRE,540
1/8/2024,Radeon RX 7900 GRE,539
1/9/2024,Radeon RX 7900 GRE,541
1/10/2024,Radeon RX 7900 GRE,542
1/11/2024,Radeon RX 7900 GRE,543
1/12/2024,Radeon RX 7900 GRE,549
1/1/2023,Radeon RX 7900 XT,947
1/1/2024,Radeon RX 7900 XT,765
1/2/2023,Radeon RX 7900 XT,927
1/2/2024,Radeon RX 7900 XT,733
1/3/2023,Radeon RX 7900 XT,900
1/3/2024,Radeon RX 7900 XT,701
1/4/2023,Radeon RX 7900 XT,876
1/4/2024,Radeon RX 7900 XT,699
1/5/2023,Radeon RX 7900 XT,813
1/5/2024,Radeon RX 7900 XT,697
1/6/2023,Radeon RX 7900 XT,804
1/6/2024,Radeon RX 7900 XT,700
1/7/2023,Radeon RX 7900 XT,826
1/7/2024,Radeon RX 7900 XT,696
1/8/2023,Radeon RX 7900 XT,861
1/8/2024,Radeon RX 7900 XT,692
1/9/2023,Radeon RX 7900 XT,805
1/9/2024,Radeon RX 7900 XT,686
1/10/2023,Radeon RX 7900 XT,772
1/10/2024,Radeon RX 7900 XT,659
1/11/2023,Radeon RX 7900 XT,778
1/11/2024,Radeon RX 7900 XT,662
1/12/2023,Radeon RX 7900 XT,795
1/12/2024,Radeon RX 7900 XT,686
1/1/2023,Radeon RX 7900 XTX,1279
1/1/2024,Radeon RX 7900 XTX,959
1/2/2023,Radeon RX 7900 XTX,1265
1/2/2024,Radeon RX 7900 XTX,932
1/3/2023,Radeon RX 7900 XTX,1188
1/3/2024,Radeon RX 7900 XTX,928
1/4/2023,Radeon RX 7900 XTX,1039
1/4/2024,Radeon RX 7900 XTX,919
1/5/2023,Radeon RX 7900 XTX,1012
1/5/2024,Radeon RX 7900 XTX,913
1/6/2023,Radeon RX 7900 XTX,1002
1/6/2024,Radeon RX 7900 XTX,911
1/7/2023,Radeon RX 7900 XTX,1025
1/7/2024,Radeon RX 7900 XTX,901
1/8/2023,Radeon RX 7900 XTX,1046
1/8/2024,Radeon RX 7900 XTX,917
1/9/2023,Radeon RX 7900 XTX,1003
1/9/2024,Radeon RX 7900 XTX,865
1/10/2023,Radeon RX 7900 XTX,931
1/10/2024,Radeon RX 7900 XTX,869
1/11/2023,Radeon RX 7900 XTX,946
1/11/2024,Radeon RX 7900 XTX,868
1/12/2023,Radeon RX 7900 XTX,961
1/12/2024,Radeon RX 7900 XTX,894
